{
    "MAE": 10.178050947778019,
    "MSE": 10.178050947778019,
    "RMSE": 11.060635373529294,
    "MAPE": 5.376086406223544,
    "Accuracy": 94.62391359377645
}