{
    "MAE": 11.040326342170621,
    "MSE": 11.040326342170621,
    "RMSE": 12.016455959266514,
    "MAPE": 5.061710403798684,
    "Accuracy": 94.93828959620132
}