{
    "MAE": 2.942326708206764,
    "MSE": 2.942326708206764,
    "RMSE": 2.987233495343917,
    "MAPE": 31.964183899958215,
    "Accuracy": 68.03581610004179
}