{
    "MAE": 2.973975381733459,
    "MSE": 2.973975381733459,
    "RMSE": 3.8957567270866895,
    "MAPE": 1.7415714606811061,
    "Accuracy": 98.2584285393189
}