{
    "MAE": 24.92933918517314,
    "MSE": 24.92933918517314,
    "RMSE": 26.11664120587159,
    "MAPE": 5.84497334553759,
    "Accuracy": 94.1550266544624
}