{
    "MAE": 0.26938455569744113,
    "MSE": 0.26938455569744113,
    "RMSE": 0.4125394260551088,
    "MAPE": 5.41161700516441,
    "Accuracy": 94.58838299483558
}