{
    "MAE": 0.1533117812871933,
    "MSE": 0.1533117812871933,
    "RMSE": 0.2503673141512492,
    "MAPE": 2.5966008568672643,
    "Accuracy": 97.40339914313273
}