{
    "MAE": 0.12535478919744492,
    "MSE": 0.12535478919744492,
    "RMSE": 0.12872410929653605,
    "MAPE": 13.4736769989124,
    "Accuracy": 86.5263230010876
}